"date","time","group","subject","session","build","gender_response","gender_latency","other_response","other_latency","age_response","age_latency","ethnicity_response","ethnicity_latency","other_response","other_latency","english_response","english_latency","other_response","other_latency","political_response","political_latency",""
"2020-07-19","01:25:03","2","3HL8HNGX46AYMN48079XSCJZ0FW9F3","1","6.2.1","Male","108246","25","108246","38","108246","Asian/Asian American","108246","","","No (please write for how many years you have spoken English)","108246","","","Slightly Liberal","108246",""
"2020-07-21","18:51:28","6","3ZPBJO59KRGWBPN1A8S28RDTMOMDHH","1","6.2.1","Male","11637","","11637","22","11637","White/European American","11637","","","Yes","11637","","","Moderately Conservative","11637",""
"2020-07-21","18:50:39","1","30X31N5D655N3RY51SDZM4CPAW6SAF","1","6.2.1","Male","8827","","8827","37","8827","White/European American","8827","","","Yes","8827","","","Slightly Conservative","8827",""
"2020-07-21","17:50:08","8","3F6HPJW4JFFR55KA8IULDBWC4LAW2R","1","6.2.1","Male","8981","","8981","26","8981","White/European American","8981","","","Yes","8981","","","Slightly Liberal","8981",""
"2020-07-21","17:52:47","6","39ASUFLU6ZMYPL1GB7L8HVJ8AQ6XEN","1","6.2.1","Male","30472","","30472","52","30472","White/European American","30472","","","Yes","30472","","","Moderately Conservative","30472",""
"2020-07-21","18:55:13","1","3OS46CRSLHE28H365A1SHMUADHAV6X","1","6.2.1","Female","22113","","22113","47","22113","White/European American","22113","","","Yes","22113","","","Middle of the Road","22113",""
"2020-07-21","18:53:54","3","3TVRFO09GMUCVRB8ST8CUQ9SJN7XLA","1","6.2.1","Male","19308","","19308","45","19308","White/European American","19308","","","Yes","19308","","","Extremely Liberal","19308",""
"2020-07-21","19:00:23","7","3C5W7UE9CH5W19TTS59RU3OHJSXMX1","2","6.2.1","Male","11948","","11948","39","11948","White/European American","11948","","","Yes","11948","","","Moderately Liberal","11948",""
"2020-07-21","19:00:36","1","3OSWBBLG1GCTXFNGFCAOBD1NAE5XDU","1","6.2.1","Male","13378","","13378","36","13378","White/European American","13378","","","Yes","13378","","","Slightly Liberal","13378",""
"2020-07-21","16:03:12","3","39GAF6DQWTF71V29Z4PBMQ3T56UV1Z","1","6.2.1","Female","13030","","13030","31","13030","Asian/Asian American","13030","","","Yes","13030","","","Extremely Liberal","13030",""
"2020-07-21","19:13:08","7","3OS4RQUCRBUJIWYB1MDWAGDG3O0BFD","1","6.2.0","Male","4294843861","","4294843861","29","4294843861","White/European American","4294843861","","","Yes","4294843861","","","Slightly Conservative","4294843861",""
"2020-07-21","19:12:36","4","3OSWBBLG1GCTXFNGFCAOBD1NAE9XDY","1","6.2.1","Male","10458","","10458","41","10458","White/European American","10458","","","Yes","10458","","","Moderately Liberal","10458",""
"2020-07-21","16:16:20","2","3W92K5RLWWW6PD3S0RRNPGGAHMZV5H","1","6.2.1","Female","29658","","29658","30","29658","White/European American","29658","","","Yes","29658","","","Middle of the Road","29658",""
"2020-07-21","16:24:50","6","34V1S5K3GUG4BAQ329WWP45DMPY962","1","6.2.1","Male","12966","","12966","21","12966","White/European American","12966","","","Yes","12966","","","Moderately Liberal","12966",""
"2020-07-21","16:31:31","7","3Z2R0DQ0JJTXO5YJNI0FR5PCXHEE22","1","6.2.1","Male","15907","","15907","31","15907","White/European American","15907","","","Yes","15907","","","Middle of the Road","15907",""
"2020-07-21","16:36:59","7","3WZ36BJEV5VT11GCW6ILRKSHUXCBTP","1","6.2.1","Male","15626","","15626","46","15626","White/European American","15626","","","Yes","15626","","","Moderately Liberal","15626",""
"2020-07-21","19:45:20","1","32N49TQG3IX3VJF9VNI4XRWW907AV9","1","6.2.1","Male","10418","","10418","24","10418","White/European American","10418","","","Yes","10418","","","Extremely Liberal","10418",""
"2020-07-21","16:44:17","5","3X66WABAJYXKT1QTXD48AIFGGBW3GM","1","6.2.1","Male","27864","","27864","52","27864","White/European American","27864","","","Yes","27864","","","Extremely Liberal","27864",""
"2020-07-21","20:41:18","2","31Z0PCVWUMU6ZPDMJP65MI6LB717TF","1","6.2.1","Male","10676","","10676","28","10676","White/European American","10676","","","Yes","10676","","","Slightly Conservative","10676",""
"2020-07-21","19:57:03","2","3B3WTRP3DDHGT972F7KTZRO16K729P","1","6.2.1","Male","9826","","9826","37","9826","White/European American","9826","","","Yes","9826","","","Slightly Liberal","9826",""
"2020-07-21","21:16:02","3","3IRIK4HM3CZ698X6ET6NRU6LSALC66","1","6.2.1","Male","10360","","10360","45","10360","White/European American","10360","","","Yes","10360","","","Moderately Conservative","10360",""
"2020-07-22","00:31:38","4","3COPXFW7XDRW2CRZL2MULDAASQYPKK","1","6.2.1","Male","8711","","8711","29","8711","Asian/Asian American","8711","","","Yes","8711","","","Extremely Liberal","8711",""
"2020-07-22","01:33:49","6","3M1CVSFP62KBQBJS9OOUR4XOSAQQAX","1","6.2.1","Male","16220","","16220","34","16220","White/European American","16220","","","Yes","16220","","","Extremely Liberal","16220",""
"2020-07-21","22:35:50","8","3G5F9DBFORCI56NN1TSWEDJ0MXVVH7","1","6.2.1","Male","9340","","9340","25","9340","Hispanic/Latino(a)","9340","","","Yes","9340","","","Moderately Liberal","9340",""
"2020-07-22","00:35:36","5","3VNXK88KKEXPQ0543H441WLC3KO9VW","1","6.2.1","Male","12007","","12007","39","12007","Hispanic/Latino(a)","12007","","","Yes","12007","","","Slightly Liberal","12007",""
"2020-07-22","01:32:45","7","32M8BPYGAV1ZJ48CIGBVEOH5ZVMIGY","1","6.2.1","Female","19935","","19935","26","19935","White/European American","19935","","","Yes","19935","","","Moderately Liberal","19935",""
"2020-07-21","22:35:09","4","3KB8R4ZV1GMPWWU6C6JES1DS453BGJ","1","6.2.1","Male","9438","","9438","26","9438","Asian/Asian American","9438","","","Yes","9438","","","Slightly Liberal","9438",""
"2020-07-22","01:34:57","3","3OB0CAO74J4Z90IS64FGLCNU4EXYHJ","1","6.2.1","Male","9214","","9214","30","9214","White/European American","9214","","","Yes","9214","","","Extremely Liberal","9214",""
"2020-07-21","22:34:52","4","3ATTHHXXWC3A5Q327QBZ2AH02LIIXQ","1","6.2.1","Male","19430","","19430","23","19430","Asian/Asian American","19430","","","Yes","19430","","","Middle of the Road","19430",""
"2020-07-22","00:35:58","1","3ZR9AIQJUDO80TYCJPKOZVK6NWX403","1","6.2.1","Male","11306","","11306","19","11306","White/European American","11306","","","Yes","11306","","","Moderately Liberal","11306",""
"2020-07-22","01:36:08","2","3JJVG1YBEDCRGZ5MVA0NO4M3EWO5BU","1","6.2.1","Male","16803","21","16803","28","16803","Asian/Asian American","16803","","","No (please write for how many years you have spoken English)","16803","","","Middle of the Road","16803",""
"2020-07-21","22:35:58","2","30BUDKLTXFAPN2H6512DPCSOHT25EV","1","6.2.0","Male","4294698305","","4294698305","34","4294698305","Asian/Asian American","4294698305","","","Yes","4294698305","","","Extremely Liberal","4294698305",""
"2020-07-22","01:35:11","2","3FE2ERCCZZNFS3CEJUENSURJCV8PO4","1","6.2.1","Male","17797","","17797","36","17797","Black/African American","17797","","","Yes","17797","","","Slightly Conservative","17797",""
"2020-07-22","01:37:53","7","3A1COHJ8NLAKUURAT0HMMZZSBZVH8P","1","6.2.1","Male","15453","","15453","33","15453","Black/African American","15453","","","Yes","15453","","","Extremely Liberal","15453",""
"2020-07-22","01:38:27","6","3EFE17QCREK2DE6J7YNR3QZTNT2SH0","1","6.2.1","Female","15049","","15049","45","15049","White/European American","15049","","","Yes","15049","","","Moderately Liberal","15049",""
"2020-07-21","22:39:15","4","3EA3QWIZ4KA3O9UI2GA2D7WUPPVIT8","1","6.2.1","Male","13349","","13349","42","13349","White/European American","13349","","","Yes","13349","","","Extremely Liberal","13349",""
"2020-07-21","22:36:05","1","3ITXP059PYYY4K19VYQCF3F80L5SJ4","1","6.2.1","Female","23217","","23217","55","23217","White/European American","23217","","","Yes","23217","","","Slightly Liberal","23217",""
"2020-07-21","22:35:10","5","3WJEQKOXAAHN97ZBO9YFQ3PGKYZ1AE","1","6.2.1","Male","16213","","16213","32","16213","Hispanic/Latino(a)","16213","","","Yes","16213","","","Slightly Liberal","16213",""
"2020-07-22","01:38:33","8","32XVDSJFP1CV0TQW4GOY4DUL6L1M2Z","1","6.2.1","Male","15798","","15798","25","15798","Black/African American","15798","","","Yes","15798","","","Moderately Liberal","15798",""
"2020-07-21","22:39:51","5","34S6N1K2ZXYF91BTNPQQR4LYVZULHF","1","6.2.1","Male","14574","chinese","14574","28","14574","Asian/Asian American","14574","","","No (please write for how many years you have spoken English)","14574","","","Middle of the Road","14574",""
"2020-07-22","00:35:42","7","3D8YOU6S9GZ2V2E60KRNL0SRZC76UT","1","6.2.1","Female","34634","12","34634","32","34634","Asian/Asian American","34634","","","No (please write for how many years you have spoken English)","34634","","","Middle of the Road","34634",""
"2020-07-22","01:41:10","7","3DIP6YHAPE78AK083Z9G1W2FJJ38E0","1","6.2.1","Male","10931","","10931","44","10931","White/European American","10931","","","Yes","10931","","","Moderately Liberal","10931",""
"2020-07-21","23:42:02","6","3A4NIXBJ78E11FC4EM63J9TUCLTLMO","1","6.2.1","Male","7901","","7901","27","7901","White/European American","7901","","","Yes","7901","","","Middle of the Road","7901",""
"2020-07-21","22:41:25","8","3P1L2B7AD34P1IXGR2LGBDIZ7L8OL6","1","6.2.1","Female","13565","","13565","34","13565","White/European American","13565","","","Yes","13565","","","Moderately Liberal","13565",""
"2020-07-21","22:41:13","7","34T446B1C2TBVXBRC4Q6ITWUF9F0CD","1","6.2.1","Female","13009","","13009","23","13009","White/European American","13009","","","Yes","13009","","","Middle of the Road","13009",""
"2020-07-22","01:40:59","1","3TVSS0C0E3FLP4ENRXEHEY5240TTWQ","1","6.2.0","Female","4294634313","","4294634313","57","4294634313","White/European American","4294634313","","","Yes","4294634313","","","Moderately Liberal","4294634313",""
"2020-07-22","01:44:29","5","3TXWC2NHN159Y8O09MZZQ9154GTS99","1","6.2.1","Female","17641","","17641","45","17641","White/European American","17641","","","Yes","17641","","","Moderately Liberal","17641",""
"2020-07-21","22:44:50","6","33UKMF931BZTXNATWS96REY306BTT0","1","6.2.1","Female","10477","","10477","19","10477","Asian/Asian American","10477","","","Yes","10477","","","Moderately Liberal","10477",""
"2020-07-21","22:45:24","5","37UQDCYH6ZALCHHBOK6KN0U68U17VJ","1","6.2.1","Female","35547","","35547","29","35547","Asian/Asian American","35547","","","Yes","35547","","","Slightly Liberal","35547",""
"2020-07-22","01:44:33","3","3AAJC4I4FI7V5WNNQQKKBWCBN07JZ2","1","6.2.1","Female","21173","","21173","56","21173","White/European American","21173","","","Yes","21173","","","Middle of the Road","21173",""
"2020-07-22","01:45:02","1","3M0NZ3JDP3DNYX821OGQAMT65ZAZ5U","1","6.2.1","Male","14610","","14610","30","14610","White/European American","14610","","","Yes","14610","","","Extremely Liberal","14610",""
"2020-07-21","22:42:26","4","388U7OUMF9GF1Z0AU1G17OVGFAI0RJ","1","6.2.1","Female","45420","25 years","45420","34","45420","Asian/Asian American","45420","","","No (please write for how many years you have spoken English)","45420","","","Slightly Liberal","45420",""
"2020-07-22","01:45:50","3","3QFUFYSY90UZXXD2M739227ATYN4F8","1","6.2.1","Male","22546","","22546","55","22546","White/European American","22546","","","Yes","22546","","","Middle of the Road","22546",""
"2020-07-21","22:48:05","7","3WR9XG3T65QMI4YW4O5XEAUTVA3473","1","6.2.1","Male","19134","","19134","32","19134","White/European American","19134","","","Yes","19134","","","Middle of the Road","19134",""
"2020-07-22","01:50:31","7","3AAJC4I4FI7V5WNNQQKKBWCBN07JZ2","2","6.2.1","Female","26788","","26788","56","26788","White/European American","26788","","","Yes","26788","","","Slightly Liberal","26788",""
"2020-07-21","23:49:19","2","3X73LLYYQ3T5X1EEZ2654WPN0UVHNE","1","6.2.1","Female","23374","","23374","32","23374","White/European American","23374","","","Yes","23374","","","Moderately Conservative","23374",""
"2020-07-21","22:39:05","8","3G2UL9A02FT0XR2ANCYCB8E7R1967Q","1","6.2.1","Female","23275","19","23275","35","23275","White/European American","23275","","","No (please write for how many years you have spoken English)","23275","","","Moderately Liberal","23275",""
"2020-07-21","22:46:54","1","3I02618YA2LA58WBFGQWR0J8UHWUPM","1","6.2.1","Male","28510","","28510","30","28510","Hispanic/Latino(a)","28510","","","Yes","28510","","","Moderately Conservative","28510",""
"2020-07-22","00:57:55","5","3SKRO2GZ736TLK8X00B4KHSCPAUK1D","1","6.2.1","Female","30552","","30552","32","30552","White/European American","30552","","","Yes","30552","","","Moderately Conservative","30552",""
"2020-07-22","15:29:18","7","3JNQLM5FT61BUB8B44NJ40FW7KB2LM","1","6.2.1","Female","7662","","7662","23","7662","White/European American","7662","","","Yes","7662","","","Extremely Liberal","7662",""
"2020-07-22","14:29:24","7","354GIDR5ZDLR15GB0OXMNSUT7OG00R","1","6.2.0","Female","-582289465","","-582289465","24","-582289465","White/European American","-582289465","","","Yes","-582289465","","","Moderately Liberal","-582289465",""
"2020-07-22","13:29:49","2","3IUZPWIU1QMMMLO0XO0PD7I6MR0KWI","1","6.2.1","Male","10413","","10413","30","10413","White/European American","10413","","","Yes","10413","","","Moderately Liberal","10413",""
"2020-07-22","14:29:01","5","3NS0A6KXC6NLEUXMIKZHEJKVWCNZGK","1","6.2.0","Male","4294771665","","4294771665","34","4294771665","White/European American","4294771665","","","Yes","4294771665","","","Moderately Conservative","4294771665",""
"2020-07-22","15:29:01","6","3PWWM24LHUDGF4OSAFEFZVTQNKC280","1","6.2.1","Male","8423","","8423","30","8423","White/European American","8423","","","Yes","8423","","","Moderately Liberal","8423",""
"2020-07-22","14:29:10","2","39N5ACM9HG2CLG88H5V5V4WUI0LP9Y","1","6.2.1","Male","8551","","8551","32","8551","White/European American","8551","","","Yes","8551","","","Extremely Liberal","8551",""
"2020-07-22","14:29:28","7","3R3YRB5GRHI3I4Q9QX8Z15UDWZVUAE","1","6.2.1","Male","9220","","9220","23","9220","Asian/Asian American","9220","","","Yes","9220","","","Moderately Liberal","9220",""
"2020-07-22","12:29:46","2","3RU7GD8VPQ8UQV47QBVWCZ1KAOAPS9","1","6.2.1","Male","13936","","13936","34","13936","White/European American","13936","","","Yes","13936","","","Moderately Conservative","13936",""
"2020-07-22","15:29:47","5","3LBXNTKX0TAHUPAZ3W5MPHIXKZUX9U","1","6.2.1","Female","14172","","14172","33","14172","White/European American","14172","","","Yes","14172","","","Extremely Liberal","14172",""
"2020-07-22","12:29:45","1","3ZAZR5XV03X8XIHHGY3YOSZGYKVZCA","1","6.2.1","Male","10831","","10831","21","10831","Asian/Asian American","10831","","","Yes","10831","","","Middle of the Road","10831",""
"2020-07-22","12:30:24","2","3U8YCDAGXRVFPYLAHMR12YLBKSE0QP","1","6.2.1","Male","13038","","13038","29","13038","White/European American","13038","","","Yes","13038","","","Moderately Liberal","13038",""
"2020-07-22","15:29:13","3","3GS6S824SSCNUR93U1S55ZZAGM5WNZ","1","6.2.1","Female","13378","","13378","35","13378","White/European American","13378","","","Yes","13378","","","Extremely Liberal","13378",""
"2020-07-22","15:30:59","1","3Q5ZZ9ZEVQU8E17FSYGDX2W27U3584","1","6.2.1","Female","13996","","13996","30","13996","White/European American","13996","","","Yes","13996","","","Moderately Liberal","13996",""
"2020-07-22","12:30:29","6","3KRVW3HTZP0O5S7UYV34VV7P5JZSMG","1","6.2.1","Female","13588","","13588","20","13588","White/European American","13588","","","Yes","13588","","","Slightly Conservative","13588",""
"2020-07-22","14:29:25","8","3WEV0KO0OO7L1Y1HL241C5KVW57SDY","1","6.2.1","Male","16725","","16725","21","16725","Hispanic/Latino(a)","16725","","","Yes","16725","","","Slightly Liberal","16725",""
"2020-07-22","15:30:27","8","3483FV8BEGYTBQ54H0HHFHXZHPM26E","1","6.2.1","Male","10903","","10903","25","10903","White/European American","10903","","","Yes","10903","","","Slightly Liberal","10903",""
"2020-07-22","15:30:33","1","3TK8OJTYM30AINLBK601NMLR9S4PVE","1","6.2.1","Female","13073","","13073","40","13073","White/European American","13073","","","Yes","13073","","","Middle of the Road","13073",""
"2020-07-22","15:30:28","4","36TFCYNS46PA9VSI18TE2YGL3C2XHK","1","6.2.1","Male","9765","","9765","45","9765","White/European American","9765","","","Yes","9765","","","Middle of the Road","9765",""
"2020-07-22","15:31:08","4","3VBEN272MMEODIB8NS59IQNS9XNSG8","1","6.2.1","Female","15552","","15552","35","15552","White/European American","15552","","","Yes","15552","","","Extremely Liberal","15552",""
"2020-07-22","15:29:52","5","3FE7TXL1LK2ML8OOW9VFLMEQHQXQ2Y","1","6.2.1","Male","18586","25","18586","28","18586","White/European American","18586","","","No (please write for how many years you have spoken English)","18586","","","Middle of the Road","18586",""
"2020-07-22","14:32:03","7","3KGTPGBS6Z0ED1V5DIFKVNBFKB42UG","1","6.2.1","Female","13834","","13834","28","13834","White/European American","13834","","","Yes","13834","","","Moderately Liberal","13834",""
"2020-07-22","15:31:51","8","3GNA64GUZGJEK57BESXDJTH210P5QF","1","6.2.1","Male","11176","","11176","27","11176","White/European American","11176","","","Yes","11176","","","Moderately Liberal","11176",""
"2020-07-22","12:32:11","3","3X87C8JFV8QFQ75MQOALC4RUFKWQS1","1","6.2.1","Male","8420","","8420","29","8420","White/European American","8420","","","Yes","8420","","","Slightly Liberal","8420",""
"2020-07-22","15:31:50","1","3Z3ZLGNNSK9B6QK7099K4WJIN4Y3QN","1","6.2.1","Female","15891","","15891","47","15891","White/European American","15891","","","Yes","15891","","","Slightly Conservative","15891",""
"2020-07-22","13:31:20","6","3LJ7UR74RJSBLPQJKVMMA7GJWT6N44","1","6.2.1","Female","15999","","15999","37","15999","White/European American","15999","","","Yes","15999","","","Moderately Conservative","15999",""
"2020-07-22","14:32:49","5","3HYA4D452TYPUJYFITKL9NACAOPF2U","1","6.2.1","Male","14159","","14159","37","14159","White/European American","14159","","","Yes","14159","","","Extremely Conservative","14159",""
"2020-07-22","12:32:39","4","3YJ6NA41JDV1RSLH3HMIKYAXE5YJPO","1","6.2.1","Male","12818","","12818","35","12818","Asian/Asian American","12818","","","Yes","12818","","","Moderately Liberal","12818",""
"2020-07-22","14:31:29","6","3B2X28YI3YUNZ3500TASGA03BVZB6P","1","6.2.1","Female","8441","","8441","30","8441","White/European American","8441","","","Yes","8441","","","Extremely Conservative","8441",""
"2020-07-23","01:04:57","1","3KKG4CDWKKDQWNMPJL3HS6LZR4Q49N","1","6.2.1","Male","11990","","11990","26","11990","Black/African American","11990","","","Yes","11990","","","Middle of the Road","11990",""
"2020-07-22","14:33:19","1","3BDCF01OGZ91VW1IXPUED4G1MZ6LYM","1","6.2.1","Male","10448","","10448","25","10448","White/European American","10448","","","Yes","10448","","","Slightly Liberal","10448",""
"2020-07-22","12:34:11","6","3R08VXYT7EAYR6HGEUBG92DKG727W1","1","6.2.1","Male","8999","","8999","32","8999","White/European American","8999","","","Yes","8999","","","Extremely Liberal","8999",""
"2020-07-22","14:30:52","1","35USIKEBNTVP0CUX3JF1750XSKCN6P","1","6.2.1","Female","10701","","10701","29","10701","Black/African American","10701","","","Yes","10701","","","Middle of the Road","10701",""
"2020-07-22","14:33:51","6","3NGMS9VZTNX9VDAR6OZST641JSTFFD","1","6.2.1","Female","17837","","17837","31","17837","White/European American","17837","","","Yes","17837","","","Moderately Liberal","17837",""
"2020-07-22","15:33:49","4","3FIJLY1B6WJLMQZLKRVX50I5LYHPFR","1","6.2.1","Male","11121","","11121","22","11121","White/European American","11121","","","Yes","11121","","","Middle of the Road","11121",""
"2020-07-22","12:33:31","8","36WLNQG781PRCIYF6BTQSYSGSTNEBD","1","6.2.1","Male","15386","","15386","50","15386","White/European American","15386","","","Yes","15386","","","Slightly Liberal","15386",""
"2020-07-22","14:34:10","1","3MX2NQ3YCB9YT28N06S5D1DVY3CX54","1","6.2.1","Male","12830","","12830","33","12830","White/European American","12830","","","Yes","12830","","","Slightly Liberal","12830",""
"2020-07-22","13:32:51","7","3VELCLL3GMYI5YGJZPK74407IIB1FZ","1","6.2.1","Female","74708","","74708","59","74708","White/European American","74708","","","Yes","74708","","","Moderately Conservative","74708",""
"2020-07-22","15:35:32","5","3Z7VU45IP0WOAF7J01EE7WGPUN5Z1L","1","6.2.1","Male","19157","","19157","35","19157","White/European American","19157","","","Yes","19157","","","Middle of the Road","19157",""
"2020-07-22","15:33:56","4","3H7XDTSHKE6HKZSH7XFAFFQDFAJWGR","1","6.2.1","Female","15822","","15822","42","15822","White/European American","15822","","","Yes","15822","","","Extremely Liberal","15822",""
"2020-07-22","14:35:06","5","3FE2ERCCZZNFS3CEJUENSURJDZ8OPC","1","6.2.1","Female","14434","","14434","38","14434","White/European American","14434","","","Yes","14434","","","Middle of the Road","14434",""
"2020-07-22","14:34:40","5","3YHH42UU5DU4Y15XPHJ5LCMHAMR0L0","1","6.2.1","Female","23571","","23571","51","23571","Hispanic/Latino(a)","23571","","","Yes","23571","","","Moderately Conservative","23571",""
"2020-07-22","12:36:46","3","39U1BHVTDN6OY6CZHD3F91U57BX3T1","1","6.2.1","Male","13042","25","13042","30","13042","Asian/Asian American","13042","","","No (please write for how many years you have spoken English)","13042","","","Moderately Liberal","13042",""
"2020-07-22","15:35:21","3","37Z929RLGBNSINXE7S4GH92HZRWSTI","1","6.2.1","Male","14204","","14204","33","14204","White/European American","14204","","","Yes","14204","","","Middle of the Road","14204",""
"2020-07-22","15:32:43","7","3X4JMASXCOOSLSJLY4UB79QCYSDB0O","1","6.2.1","Male","16593","","16593","43","16593","White/European American","16593","","","Yes","16593","","","Moderately Liberal","16593",""
"2020-07-22","14:38:11","7","308Q0PEVBASK4UL44A5LM7VIWMRI9G","1","6.2.1","Female","19468","","19468","29","19468","Hispanic/Latino(a)","19468","","","Yes","19468","","","Moderately Liberal","19468",""
"2020-07-22","15:37:54","8","3QJOXOW4XL6NV92CX0JZ6E3A4SSEM3","1","6.2.1","Female","13701","","13701","32","13701","White/European American","13701","","","Yes","13701","","","Middle of the Road","13701",""
"2020-07-22","12:35:37","3","3KMS4QQVK45KBZ257ZQP9JW6ROAFKF","1","6.2.1","Male","17534","","17534","34","17534","White/European American","17534","","","Yes","17534","","","Moderately Liberal","17534",""
"2020-07-22","15:38:01","5","32UTUBMZ7IB8ETK111I0S2G2SORBVH","1","6.2.1","Female","18900","","18900","27","18900","White/European American","18900","","","Yes","18900","","","Moderately Liberal","18900",""
"2020-07-22","14:37:37","6","31QNSG6A5T8N15LYGRVAVMAYY0Z78M","1","6.2.1","Female","13703","","13703","42","13703","White/European American","13703","","","Yes","13703","","","Extremely Liberal","13703",""
"2020-07-22","15:43:37","8","3TXMY6UCAG3ZJQGQT2KLXZNCTHACQT","1","6.2.1","Female","31126","","31126","48","31126","White/European American","31126","","","Yes","31126","","","Moderately Conservative","31126",""
"2020-07-22","15:36:24","1","3RU7GD8VPQ8UQV47QBVWCZ1KAOBPSA","1","6.2.1","Female","20431","","20431","60","20431","White/European American","20431","","","Yes","20431","","","Extremely Conservative","20431",""
"2020-07-22","15:34:41","6","3ERET4BTVOOBAPBS4DQXZNAVOQG9KI","1","6.2.1","Female","23854","","23854","70","23854","White/European American","23854","","","Yes","23854","","","Middle of the Road","23854",""
"2020-07-22","15:39:19","8","37TD41K0AJOBW6V3L69QSZ2DB5XSC0","1","6.2.1","Male","9882","","9882","33","9882","White/European American","9882","","","Yes","9882","","","Moderately Conservative","9882",""
"2020-07-22","15:37:55","7","3F1567XTNYKXLS9NHIAUV9M4NW99QB","1","6.2.1","Male","14831","","14831","52","14831","White/European American","14831","","","Yes","14831","","","Moderately Conservative","14831",""
"2020-07-22","15:39:28","4","352YTHGROXSJBT48HXR95NJNAHZ4HE","1","6.2.1","Female","15063","","15063","46","15063","White/European American","15063","","","Yes","15063","","","Slightly Conservative","15063",""
"2020-07-22","15:37:10","8","3WJ1OXY92CV5K7JWNU7U5DCOZ84A8F","1","6.2.1","Female","81714","","81714","19","81714","White/European American","81714","","","Yes","81714","","","Extremely Liberal","81714",""
"2020-07-22","14:36:13","3","3SNVL38CI67D8NIVGX0O1DB3UBIKC9","1","6.2.1","Male","20095","","20095","32","20095","White/European American","20095","","","Yes","20095","","","Moderately Liberal","20095",""
"2020-07-22","13:36:10","5","39U1BHVTDN6OY6CZHD3F91U57BWT3Q","1","6.2.1","Female","50088","","50088","54","50088","White/European American","50088","","","Yes","50088","","","Middle of the Road","50088",""
"2020-07-22","15:37:39","7","3QFUFYSY90UZXXD2M739227AU2M4FG","1","6.2.1","Female","14139","","14139","39","14139","White/European American","14139","","","Yes","14139","","","Extremely Conservative","14139",""
"2020-07-22","15:40:33","8","3GGAI1SQEXD8YBIY19D4GQ37JGDCM6","1","6.2.0","Female","4294812322","","4294812322","27","4294812322","White/European American","4294812322","","","Yes","4294812322","","","Extremely Liberal","4294812322",""
"2020-07-22","15:36:28","7","3R2UR8A0ICVK1CE55LO4M7DMFYHOX0","1","6.2.1","Female","15859","","15859","58","15859","White/European American","15859","","","Yes","15859","","","Middle of the Road","15859",""
"2020-07-22","15:39:34","6","3IRIK4HM3CZ698X6ET6NRU6LTG0C6Y","1","6.2.1","Female","14990","","14990","58","14990","White/European American","14990","","","Yes","14990","","","Moderately Conservative","14990",""
"2020-07-22","15:39:21","2","3IKZ72A5B6VLJ5N84CI51BDALJFNFS","1","6.2.1","Male","12136","Russian","12136","22","12136","White/European American","12136","","","No (please write for how many years you have spoken English)","12136","","","Slightly Liberal","12136",""
"2020-07-22","15:38:01","4","3U4J9857OGQ633J5J3FKMO0Z66J7BK","1","6.2.1","Male","17268","","17268","38","17268","White/European American","17268","","","Yes","17268","","","Moderately Conservative","17268",""
"2020-07-22","15:29:46","7","3AMW0RGHOFHXAIC2IFEAD5RENP2NPV","1","6.2.1","Male","-13487954","","-13487954","42","-13487954","White/European American","-13487954","","","Yes","-13487954","","","Middle of the Road","-13487954",""
"2020-07-22","14:40:50","6","3VNXK88KKEXPQ0543H441WLC4OOV9R","1","6.2.1","Female","15717","","15717","50","15717","White/European American","15717","","","Yes","15717","","","Moderately Conservative","15717",""
"2020-07-22","15:40:17","3","3K3R2QNK8DIPDLG4YRUZ5AJTQHDU9Z","1","6.2.1","Male","16438","","16438","40","16438","Asian/Asian American","16438","","","Yes","16438","","","Moderately Liberal","16438",""
"2020-07-22","15:42:19","6","3NVC2EB65SEKFSBTRJQEHIMKMDH3YS","1","6.2.1","Male","11548","","11548","21","11548","Black/African American","11548","","","Yes","11548","","","Slightly Liberal","11548",""
"2020-07-22","15:34:20","8","31UV0MXWNSR137JS1KS4ARQGAQ85IC","1","6.2.1","Female","17130","","17130","30","17130","White/European American","17130","","","Yes","17130","","","Middle of the Road","17130",""
"2020-07-22","12:42:14","1","3II4UPYCOLM9OIM4TYFWH55UEHPDQX","1","6.2.1","Male","12664","","12664","33","12664","Hispanic/Latino(a)","12664","","","Yes","12664","","","Extremely Liberal","12664",""
"2020-07-22","15:41:32","2","36TFCYNS46PA9VSI18TE2YGL3C3XHL","1","6.2.0","Male","4294700122","","4294700122","65","4294700122","White/European American","4294700122","","","Yes","4294700122","","","Extremely Conservative","4294700122",""
"2020-07-22","14:42:45","8","31LVTDXBL9PSYVPWJU2K58N4JCTRLS","1","6.2.1","Male","14237","","14237","42","14237","White/European American","14237","","","Yes","14237","","","Middle of the Road","14237",""
"2020-07-22","14:42:24","8","3PQ8K71NHZZJ3VCBKSR814IJPW4AAJ","1","6.2.1","Female","12351","","12351","31","12351","White/European American","12351","","","Yes","12351","","","Slightly Liberal","12351",""
"2020-07-22","14:43:24","8","3E7TUJ2EGE13WJ5ICW4AVAF54HLD9B","1","6.2.1","Male","15541","","15541","36","15541","Black/African American","15541","","","Yes","15541","","","Moderately Liberal","15541",""
"2020-07-22","15:42:40","2","3U5NZHP4LTH50MQRFHJX8LUI1DTHPG","1","6.2.0","Female","4294651359","","4294651359","32","4294651359","White/European American","4294651359","","","Yes","4294651359","","","Middle of the Road","4294651359",""
"2020-07-22","12:42:30","4","384PI804XUGR2E0N9QG6XY0C2GZS06","1","6.2.1","Female","17669","","17669","70","17669","Prefer not to say","17669","","","Yes","17669","","","Slightly Conservative","17669",""
"2020-07-22","15:43:50","3","3I3WADAZ9SJBZTUVZF59UOM2MZ75O7","1","6.2.1","Female","9619","","9619","38","9619","White/European American","9619","","","Yes","9619","","","Extremely Liberal","9619",""
"2020-07-22","15:40:45","7","3E337GFOLBNRX5J3FWONJWDMMYGGNL","1","6.2.1","Female","60637","","60637","21","60637","Black/African American","60637","","","Yes","60637","","","Moderately Liberal","60637",""
"2020-07-22","14:43:23","5","3J2UYBXQQNRMFG2Q2DD3WT4KKR260Y","1","6.2.1","Male","30213","30","30213","41","30213","Asian/Asian American","30213","","","No (please write for how many years you have spoken English)","30213","","","Middle of the Road","30213",""
"2020-07-22","12:43:42","5","3TVSS0C0E3FLP4ENRXEHEY5254RWT0","1","6.2.1","Female","10944","","10944","24","10944","White/European American","10944","","","Yes","10944","","","Slightly Conservative","10944",""
"2020-07-22","14:45:54","7","3KKG4CDWKKDQWNMPJL3HS6LZR4R49O","1","6.2.1","Female","30957","","30957","26","30957","White/European American","30957","","","Yes","30957","","","Moderately Liberal","30957",""
"2020-07-22","12:44:51","7","3TK8OJTYM30AINLBK601NMLR9S7VPN","1","6.2.1","Female","29083","","29083","40","29083","White/European American","29083","","","Yes","29083","","","Slightly Conservative","29083",""
"2020-07-22","15:45:55","3","3YMU66OBIPNZN9XSCYTAECGQ0MAGHF","1","6.2.1","Male","16608","","16608","57","16608","White/European American","16608","","","Yes","16608","","","Middle of the Road","16608",""
"2020-07-22","15:47:06","3","3A1COHJ8NLAKUURAT0HMMZZSC3U8HO","1","6.2.1","Female","19866","","19866","33","19866","Black/African American","19866","","","Yes","19866","","","Extremely Liberal","19866",""
"2020-07-22","15:42:54","2","3DPNQGW4LNU3E4KRLE058WUX13K64G","1","6.2.1","Male","10468","","10468","25","10468","White/European American","10468","","","Yes","10468","","","Middle of the Road","10468",""
"2020-07-22","15:48:44","8","3PEIJLRY6V8S6LN7W7FE31Q8I0HWXL","1","6.2.1","Female","8870","","8870","27","8870","White/European American","8870","","","Yes","8870","","","Extremely Liberal","8870",""
"2020-07-22","15:49:43","6","3HHRAGRYXAKU0GW725IQ64R48VTO9K","1","6.2.1","Male","11688","","11688","39","11688","White/European American","11688","","","Yes","11688","","","Slightly Conservative","11688",""
"2020-07-22","15:42:30","5","3EQHHY4HQU7N7GDXBWS1PFD0VDI5GM","1","6.2.1","Male","28816","","28816","40","28816","Black/African American","28816","","","Yes","28816","","","Moderately Conservative","28816",""
"2020-07-22","15:49:30","4","3GNA64GUZGJEK57BESXDJTH210OQ5Z","1","6.2.1","Female","9848","","9848","24","9848","Asian/Asian American","9848","","","Yes","9848","","","Slightly Conservative","9848",""
"2020-07-22","13:47:43","2","3JAOYWH7VKJMUVTAPD2YENNADQM9LM","1","6.2.1","Female","20393","","20393","66","20393","White/European American","20393","","","Yes","20393","","","Moderately Liberal","20393",""
"2020-07-22","13:45:08","4","3D3VGR7TA2UBIRZ7DOYK9MTNJQ33RR","1","6.2.1","Male","17821","","17821","43","17821","White/European American","17821","","","Yes","17821","","","Moderately Liberal","17821",""
"2020-07-22","14:50:01","4","33FOTY3KEO0B2MW98NU6WYF4L5N1CS","1","6.2.1","Female","18476","","18476","30","18476","White/European American","18476","","","Yes","18476","","","Extremely Liberal","18476",""
"2020-07-22","15:40:29","6","3NAPMVF0ZYUCFQJ90AM9LVXVC0627D","1","6.2.1","Male","22843","","22843","32","22843","Black/African American","22843","","","Yes","22843","","","Slightly Liberal","22843",""
"2020-07-22","15:49:51","7","3EA3QWIZ4KA3O9UI2GA2D7WUQTXITJ","1","6.2.1","Male","15127","","15127","41","15127","White/European American","15127","","","Yes","15127","","","Middle of the Road","15127",""
"2020-07-22","15:49:36","8","317HQ483I975TWPY5KOQ48Q21BBNIN","1","6.2.1","Female","116516","","116516","26","116516","White/European American","116516","","","Yes","116516","","","Extremely Liberal","116516",""
"2020-07-22","14:51:21","4","3TXWC2NHN159Y8O09MZZQ9155KX9S3","1","6.2.1","Male","19471","","19471","59","19471","White/European American","19471","","","Yes","19471","","","Moderately Liberal","19471",""
"2020-07-22","14:54:29","3","3ATPCQ38JAPKZDAE0Y5O4Q0QSNBYAL","1","6.2.1","Male","13457","","13457","25","13457","Asian/Asian American","13457","","","Yes","13457","","","Middle of the Road","13457",""
"2020-07-22","15:51:25","8","3OCHAWUVGQZ1BLTQ7TWBFQWDVT9XKR","1","6.2.1","Female","16242","","16242","56","16242","White/European American","16242","","","Yes","16242","","","Slightly Liberal","16242",""
"2020-07-22","12:53:54","2","3NPI0JQDAQKV5VHMFB0MM4X6C7SPT2","1","6.2.1","Other (please specify):","16669","","16669","29","16669","White/European American","16669","","","Yes","16669","","","Extremely Liberal","16669",""
"2020-07-22","14:52:20","1","31QNSG6A5T8N15LYGRVAVMAYY0Z87N","1","6.2.1","Female","11523","","11523","28","11523","White/European American","11523","","","Yes","11523","","","Middle of the Road","11523",""
"2020-07-22","14:56:09","8","37Z929RLGBNSINXE7S4GH92HZR0STM","1","6.2.1","Female","8477","","8477","20","8477","Asian/Asian American","8477","","","Yes","8477","","","Middle of the Road","8477",""
"2020-07-22","14:57:00","7","388U7OUMF9GF1Z0AU1G17OVGGEL0RV","1","6.2.1","Male","14392","","14392","41","14392","Asian/Asian American","14392","","","Yes","14392","","","Middle of the Road","14392",""
"2020-07-22","15:47:18","1","3ZQIG0FLQGV02WICWSEWFGTN2PAWVJ","1","6.2.1","Female","43786","","43786","38","43786","White/European American","43786","","","Yes","43786","","","Middle of the Road","43786",""
"2020-07-22","12:58:08","3","386CSBG1O11A397PJB7IBZV2XV5Q6L","1","6.2.1","Female","27312","","27312","51","27312","White/European American","27312","","","Yes","27312","","","Middle of the Road","27312",""
"2020-07-22","14:59:35","3","33FOTY3KEO0B2MW98NU6WYF4L5PC15","1","6.2.1","Female","14170","","14170","51","14170","White/European American","14170","","","Yes","14170","","","Slightly Liberal","14170",""
"2020-07-22","15:59:16","7","3FDJT1UU76NS929G1NDGN75T2U35KT","1","6.2.1","Male","24051","","24051","70","24051","White/European American","24051","","","Yes","24051","","","Slightly Liberal","24051",""
"2020-07-22","15:59:52","1","3E7TUJ2EGE13WJ5ICW4AVAF54HP9DB","1","6.2.1","Male","9330","","9330","31","9330","White/European American","9330","","","Yes","9330","","","Extremely Conservative","9330",""
"2020-07-22","16:03:36","4","3F1567XTNYKXLS9NHIAUV9M4NWEQ9X","1","6.2.1","Female","28952","","28952","64","28952","White/European American","28952","","","Yes","28952","","","Moderately Conservative","28952",""
"2020-07-22","15:07:56","7","3IJXV6UZ1ZYQ8UHQYR57DSVC283RII","1","6.2.1","Male","10949","","10949","42","10949","White/European American","10949","","","Yes","10949","","","Extremely Conservative","10949",""
"2020-07-22","16:09:25","2","3LKC68YZ3CI5CC9FVGSIKOZF6WIOWE","1","6.2.1","Female","28966","","28966","33","28966","White/European American","28966","","","Yes","28966","","","Extremely Liberal","28966",""
"2020-07-22","15:10:58","7","3I02618YA2LA58WBFGQWR0J8VL3UP2","1","6.2.0","Male","4294734032","","4294734032","60","4294734032","Hispanic/Latino(a)","4294734032","","","Yes","4294734032","","","Moderately Conservative","4294734032",""
"2020-07-22","13:11:41","5","37TD41K0AJOBW6V3L69QSZ2DB54SC7","1","6.2.1","Female","21377","","21377","73","21377","Asian/Asian American","21377","","","Yes","21377","","","Moderately Liberal","21377",""
"2020-07-22","15:11:36","6","3GNCZX450K2QQZID9B95RZ7EOICAP7","1","6.2.1","Female","18460","","18460","62","18460","White/European American","18460","","","Yes","18460","","","Extremely Conservative","18460",""
"2020-07-22","13:10:04","2","3SITXWYCNXO0IIPW1GJIGNDN8Z6BXR","1","6.2.1","Male","27599","","27599","65","27599","White/European American","27599","","","Yes","27599","","","Slightly Conservative","27599",""
"2020-07-22","16:15:31","1","354P56DE9MI5KP07UP1FCDAZAUE7SU","1","6.2.1","Male","9900","","9900","30","9900","White/European American","9900","","","Yes","9900","","","Moderately Liberal","9900",""
"2020-07-22","16:27:46","1","3YJ6NA41JDV1RSLH3HMIKYAXE57JPX","1","6.2.1","Female","15048","","15048","30","15048","White/European American","15048","","","Yes","15048","","","Middle of the Road","15048",""
"2020-07-22","15:17:34","3","3OHYZ19UGEK85Z6CUBWQ2Z2OEDHOA5","1","6.2.1","Female","14258","","14258","59","14258","White/European American","14258","","","Yes","14258","","","Moderately Conservative","14258",""
"2020-07-22","13:15:57","6","39N5ACM9HG2CLG88H5V5V4WUI0VP98","1","6.2.1","Female","21883","","21883","65","21883","White/European American","21883","","","Yes","21883","","","Middle of the Road","21883",""
"2020-07-22","15:16:00","5","3CFVK00FWN0ZCCRCR6ZMUDW8NPML6V","1","6.2.1","Male","19100","","19100","70","19100","White/European American","19100","","","Yes","19100","","","Extremely Liberal","19100",""
"2020-07-22","15:19:04","3","3ZDAD0O1T3S0E4JD12A3GHJ9E64XT1","1","6.2.1","Male","18278","","18278","35","18278","Black/African American","18278","","","Yes","18278","","","Middle of the Road","18278",""
"2020-07-22","16:22:03","2","3JCG6DTRV553DRQ9YKLGH4CTXWLQQM","1","6.2.1","Female","9129","","9129","28","9129","White/European American","9129","","","Yes","9129","","","Slightly Liberal","9129",""
"2020-07-22","13:31:49","5","3EA3QWIZ4KA3O9UI2GA2D7WUQT6ITS","1","6.2.1","Male","8821","","8821","23","8821","Black/African American","8821","","","Yes","8821","","","Moderately Liberal","8821",""
"2020-07-22","13:35:33","2","3HMIGG0U4NL6GPHZ30LA8ZUV2ZH8YX","1","6.2.1","Female","13587","","13587","33","13587","Hispanic/Latino(a)","13587","","","Yes","13587","","","Extremely Liberal","13587",""
"2020-07-22","15:34:19","4","34X6J5FLPVDMR4MW3U17K307J1VJQQ","1","6.2.1","Male","18688","","18688","39","18688","Black/African American","18688","","","Yes","18688","","","Moderately Liberal","18688",""
"2020-07-22","15:37:16","7","3ZOTGHDK5KQC5VS6BBIHNZWU0JROS4","1","6.2.1","Male","13229","","13229","33","13229","White/European American","13229","","","Yes","13229","","","Extremely Conservative","13229",""
"2020-07-22","15:37:53","4","3MH9DQ757YR4SV3CCX09XR5GUUMGUQ","1","6.2.1","Male","10944","","10944","57","10944","White/European American","10944","","","Yes","10944","","","Extremely Conservative","10944",""
"2020-07-22","16:39:08","2","3ZOTGHDK5KQC5VS6BBIHNZWU0JSOS5","1","6.2.1","Male","16083","","16083","33","16083","White/European American","16083","","","Yes","16083","","","Middle of the Road","16083",""
"2020-07-22","15:40:37","8","34T446B1C2TBVXBRC4Q6ITWUGDRC0A","1","6.2.1","Female","13553","","13553","20","13553","White/European American","13553","","","Yes","13553","","","Slightly Liberal","13553",""
"2020-07-23","03:37:45","1","3ZQIG0FLQGV02WICWSEWFGTN2PLVWT","1","6.2.1","Male","12397","","12397","34","12397","Asian/Asian American","12397","","","Yes","12397","","","Moderately Liberal","12397",""
"2020-07-22","16:42:37","3","38F5OAUN5PRGUGMRJVPG8Z3X1J2H7O","1","6.2.1","Female","11660","","11660","27","11660","White/European American","11660","","","Yes","11660","","","Moderately Liberal","11660",""
"2020-07-22","13:45:48","7","31QNSG6A5T8N15LYGRVAVMAYY0D871","1","6.2.1","Male","12420","","12420","47","12420","Asian/Asian American","12420","","","Yes","12420","","","Moderately Liberal","12420",""
"2020-07-22","13:44:16","1","3WYP994K196JCBYBALOCOLY4W4VY65","1","6.2.1","Female","41664","","41664","54","41664","White/European American","41664","","","Yes","41664","","","Slightly Conservative","41664",""
"2020-07-22","16:50:49","7","3WR9XG3T65QMI4YW4O5XEAUTWEI74U","1","6.2.1","Female","16547","","16547","24","16547","White/European American","16547","","","Yes","16547","","","Moderately Liberal","16547",""
"2020-07-22","13:50:01","2","352YTHGROXSJBT48HXR95NJNAHE4HT","1","6.2.1","Female","14854","","14854","34","14854","Black/African American","14854","","","Yes","14854","","","Moderately Liberal","14854",""
"2020-07-22","13:52:26","5","33C7UALJVND9QJ6WRBE1UCJLVED18X","1","6.2.1","Female","11161","","11161","39","11161","Asian/Asian American","11161","","","Yes","11161","","","Moderately Liberal","11161",""
"2020-07-22","16:54:54","7","3Y4W8Q93L1Z1TQILFX96NS42V9GVDL","1","6.2.1","Female","14373","","14373","43","14373","White/European American","14373","","","Yes","14373","","","Middle of the Road","14373",""
"2020-07-22","16:59:15","4","3Y4W8Q93L1Z1TQILFX96NS42V9GVDL","1","6.2.1","Female","15085","","15085","43","15085","White/European American","15085","","","Yes","15085","","","Middle of the Road","15085",""
"2020-07-22","16:04:27","7","38F5OAUN5PRGUGMRJVPG8Z3X1J5H7R","1","6.2.1","Female","13672","","13672","60","13672","White/European American","13672","","","Yes","13672","","","Extremely Liberal","13672",""
"2020-07-22","16:01:19","1","3OS46CRSLHE28H365A1SHMUAENW6V7","1","6.2.1","Female","22862","","22862","50","22862","White/European American","22862","","","Yes","22862","","","Slightly Conservative","22862",""
"2020-07-22","16:23:04","1","32EYX73OY2OVHLCQS8ULWVJNW34RU4","1","6.2.1","Male","10638","","10638","29","10638","White/European American","10638","","","Yes","10638","","","Extremely Conservative","10638",""
"2020-07-22","17:41:41","6","308Q0PEVBASK4UL44A5LM7VIWMDI92","1","6.2.1","Female","11146","","11146","42","11146","White/European American","11146","","","Yes","11146","","","Extremely Liberal","11146",""
"2020-07-22","18:05:02","5","3W92K5RLWWW6PD3S0RRNPGGAIST5VY","1","6.2.1","Male","9545","","9545","28","9545","White/European American","9545","","","Yes","9545","","","Moderately Liberal","9545",""
"2020-07-22","19:51:14","8","37C0GNLMHHIGE03KEP1YB0O3EHMD6B","1","6.2.1","Female","26847","","26847","53","26847","White/European American","26847","","","Yes","26847","","","Slightly Conservative","26847",""
